match_id,movement_label,src_camera,src_track,src_class,dst_camera,dst_track,dst_class,src_exit_t,dst_enter_t,delta_t,time_score,score,margin,confidence,n_candidates,alternatives
M000001,camA_to_camB,camA,1,car,camB,14,car,0.9,1.3,0.4,0.9231,0.8065,0.8065,high,1,
M000279,camA_to_camB,camA,5,car,camB,55,car,4.85,6.45,1.6,0.9837,0.8759,0.8759,high,1,
M000296,camB_to_camA,camB,5,car,camA,44,car,5.1,5.35,0.25,0.6154,0.8069,0.8069,high,1,
M000337,camB_to_camA,camB,46,car,camA,60,car,7.5,7.7,0.2,0.4615,0.7583,0.7583,high,1,
M000356,camA_to_camB,camA,28,car,camB,79,car,8.9,9.45,0.55,0.4615,0.7418,0.7418,high,1,
M000002,camB_to_camA,camB,40,car,camA,82,car,10.15,10.35,0.2,0.4615,0.751,0.751,high,1,
M000020,camB_to_camA,camB,77,car,camA,92,car,11.65,11.8,0.15,0.3077,0.6906,0.6906,high,1,
M000068,camB_to_camA,camB,97,car,camA,116,car,14.15,14.5,0.35,0.9231,0.9365,0.9365,high,1,
M000114,camA_to_camB,camA,110,car,camB,162,car,17.65,18.0,0.35,0.9231,0.9045,0.9045,high,1,
MAN0001,camA_to_camB,camA,72,car,camB,180,car,17.75,19.8,2.05,,,,manual,,
M000118,camB_to_camA,camB,86,car,camA,168,car,17.95,18.5,0.55,0.4615,0.657,0.657,high,1,
MAN0002,camA_to_camB,camA,88,car,camB,176,car,18.35,19.25,0.9,,,,manual,,
M000153,camA_to_camB,camA,101,car,camB,192,car,20.4,21.6,1.2,0.5878,0.6749,0.6749,high,1,
M000154,camA_to_camB,camA,129,car,camB,188,car,20.45,20.8,0.35,0.9231,0.8953,0.8953,high,1,
MAN0003,camA_to_camB,camA,187,car,camB,202,car,21.8,22.45,0.65,,,,manual,,
MAN0003,camA_to_camB,camA,187,car,camB,186,car,21.8,22.0,0.2,,,,manual,,alias
M000203,camB_to_camA,camB,184,car,camA,212,car,22.0,22.2,0.2,0.4615,0.7757,0.7757,high,1,
MAN0004,other,camA,244,motorcycle,camB,211,motorcycle,22.25,24.15,1.9,,,,manual,,
M000204,camA_to_camB,camA,163,car,camB,204,car,22.7,23.1,0.4,0.9231,0.911,0.911,high,1,
M000222,camB_to_camA,camB,154,car,camA,256,car,23.25,23.55,0.3,0.7692,0.8785,0.2407,high,2,camA#259(0.64)
M000224,camB_to_camA,camB,182,car,camA,259,car,23.65,23.9,0.25,0.6154,0.8069,0.1691,medium,1,
M000256,camA_to_camB,camA,204,car,camB,249,car,25.45,25.7,0.25,0.6154,0.7807,0.7807,high,1,
M000257,camB_to_camA,camB,210,car,camA,301,car,27.2,27.4,0.2,0.4615,0.7583,0.7583,high,1,
M000258,camA_to_camB,camA,234,car,camB,288,car,29.15,29.6,0.45,0.7692,0.8391,0.1662,medium,2,camB#291(0.67)
M000261,camB_to_camA,camB,294,car,camA,356,car,31.45,31.65,0.2,0.4615,0.7808,0.2217,medium,2,camA#354(0.56)
M000263,camB_to_camA,camB,283,car,camA,377,car,33.0,33.2,0.2,0.4615,0.79,0.79,high,1,
M000267,camB_to_camA,camB,330,car,camA,393,car,34.65,35.05,0.4,0.9231,0.9131,0.9131,high,1,
M000269,camB_to_camA,camB,303,car,camA,409,car,35.75,36.15,0.4,0.9231,0.9406,0.9406,high,1,
M000271,camB_to_camA,camB,287,car,camA,414,car,36.75,37.15,0.4,0.9231,0.8665,0.1487,medium,2,camA#417(0.72)
M000273,camB_to_camA,camB,307,car,camA,417,car,37.05,37.35,0.3,0.7692,0.8797,0.1619,medium,2,camA#414(0.59)
M000275,camA_to_camB,camA,401,car,camB,408,car,38.0,38.25,0.25,0.6154,0.7512,0.1203,medium,3,camB#401(0.63);camB#410(0.38)
M000276,camB_to_camA,camB,352,car,camA,432,car,38.85,39.0,0.15,0.3077,0.7088,0.1356,medium,2,camA#440(0.57)
M000277,camA_to_camB,camA,384,car,camB,428,car,38.9,39.5,0.6,0.3077,0.5973,0.5973,high,1,
M000278,camB_to_camA,camB,393,car,camA,440,car,39.4,39.55,0.15,0.3077,0.7036,0.1304,medium,1,
M000281,camA_to_camB,camA,360,car,camB,437,car,40.45,41.05,0.6,0.3077,0.6314,0.6314,high,1,
M000282,camB_to_camA,camB,349,car,camA,455,car,40.75,40.95,0.2,0.4615,0.755,0.755,high,1,
M000284,camB_to_camA,camB,400,car,camA,495,car,42.8,43.15,0.35,0.9231,0.9267,0.9267,high,1,
M000286,camA_to_camB,camA,422,car,camB,471,car,43.45,44.1,0.65,0.1538,0.5823,0.5823,high,1,
M000288,camA_to_camB,camA,438,car,camB,476,car,44.2,44.75,0.55,0.4615,0.6528,0.1462,medium,2,camB#474(0.83)
M000289,camB_to_camA,camB,411,car,camA,514,car,44.55,44.95,0.4,0.9231,0.8843,0.2233,high,2,camA#516(0.66)
M000290,camA_to_camB,camA,468,car,camB,479,car,44.7,44.95,0.25,0.6154,0.8304,0.1891,medium,1,
M000291,camB_to_camA,camB,440,car,camA,516,car,44.9,45.15,0.25,0.6154,0.8165,0.1555,medium,2,camA#514(0.47)
M000292,camB_to_camA,camB,461,car,camA,549,car,47.0,47.4,0.4,0.9231,0.9345,0.9345,high,1,
M000293,camB_to_camA,camB,455,car,camA,555,car,48.25,48.5,0.25,0.6154,0.8249,0.8249,high,1,
M000294,camB_to_camA,camB,481,car,camA,559,car,48.9,49.15,0.25,0.6154,0.8144,0.8144,high,1,
M000295,camA_to_camB,camA,458,car,camB,538,car,49.1,50.75,1.65,0.8404,0.8035,0.1719,medium,1,
M000297,camB_to_camA,camB,492,car,camA,573,car,50.35,50.6,0.25,0.6154,0.813,0.1357,medium,2,camA#576(0.68)
M000298,camB_to_camA,camB,491,car,camA,576,car,50.65,51.0,0.35,0.9231,0.9095,0.2322,high,1,
M000300,camB_to_camA,camB,508,car,camA,592,car,52.25,52.5,0.25,0.6154,0.7994,0.7994,high,1,
M000301,camA_to_camB,camA,543,car,camB,560,car,52.3,52.75,0.45,0.7692,0.7219,0.1047,medium,1,
M000303,camB_to_camA,camB,520,car,camA,612,car,53.75,54.15,0.4,0.9231,0.9362,0.9362,high,1,
M000304,camA_to_camB,camA,548,car,camB,577,car,54.1,54.35,0.25,0.6154,0.8216,0.8216,high,1,
M000305,camB_to_camA,camB,525,car,camA,640,car,55.35,55.75,0.4,0.9231,0.9254,0.1887,medium,2,camA#647(0.74)
M000307,camA_to_camB,camA,570,car,camB,601,car,55.85,56.1,0.25,0.6154,0.7996,0.7996,high,1,
M000308,camB_to_camA,camB,590,car,camA,652,car,56.05,56.2,0.15,0.3077,0.6792,0.1023,medium,1,
M000309,camB_to_camA,camB,546,car,camA,656,car,56.35,56.75,0.4,0.9231,0.9399,0.9399,high,1,
M000310,camA_to_camB,camA,583,car,camB,623,car,56.55,57.1,0.55,0.4615,0.6311,0.6311,high,1,
M000311,camB_to_camA,camB,554,car,camA,677,car,58.3,58.55,0.25,0.6154,0.824,0.824,high,1,
M000312,camB_to_camA,camB,589,car,camA,697,car,59.3,59.55,0.25,0.6154,0.8126,0.8126,high,1,
M000313,camB_to_camA,camB,684,car,camA,705,car,59.75,60.0,0.25,0.6154,0.8028,0.1638,medium,2,camA#708(0.64)
M000316,camB_to_camA,camB,600,car,camA,708,car,60.1,60.4,0.3,0.7692,0.8598,0.2208,high,2,camA#714(0.60)
M000317,camB_to_camA,camB,640,car,camA,714,car,60.5,60.8,0.3,0.7692,0.85,0.2463,high,1,
M000320,camB_to_camA,camB,669,car,camA,721,car,61.55,61.75,0.2,0.4615,0.7124,0.7124,high,1,
M000323,camA_to_camB,camA,657,car,camB,839,car,63.35,64.4,1.05,0.949,0.9208,0.9208,high,1,
M000324,camB_to_camA,camB,729,car,camA,739,car,63.8,64.15,0.35,0.9231,0.9413,0.2943,high,1,
M000325,camA_to_camB,camA,709,car,camB,868,car,63.95,65.35,1.4,0.3868,0.7237,0.7237,high,1,
M000326,camB_to_camA,camB,675,car,camA,749,car,64.95,65.3,0.35,0.9231,0.8935,0.2752,high,2,camA#752(0.62)
M000327,camB_to_camA,camB,775,car,camA,752,car,65.4,65.6,0.2,0.4615,0.7753,0.157,medium,1,
M000329,camA_to_camB,camA,713,car,camB,901,car,65.8,67.4,1.6,0.7367,0.7185,0.7185,high,1,
M000330,camB_to_camA,camB,827,car,camA,753,car,66.05,66.35,0.3,0.7692,0.8547,0.8547,high,1,
M000335,camB_to_camA,camB,848,car,camA,798,car,68.25,68.45,0.2,0.4615,0.7147,0.7147,high,1,
M000336,camA_to_camB,camA,750,car,camB,926,car,69.95,70.4,0.45,0.7692,0.8332,0.8332,high,1,
M000338,camB_to_camA,camB,810,car,camA,847,car,70.85,71.45,0.6,0.3077,0.7246,0.7246,high,1,
M000339,camA_to_camB,camA,786,car,camB,943,car,71.25,71.75,0.5,0.6154,0.6715,0.6715,high,1,
M000340,camA_to_camB,camA,754,car,camB,967,car,71.45,73.0,1.55,0.6513,0.7444,0.7444,high,1,
M000341,camB_to_camA,camB,850,car,camA,861,car,71.75,72.2,0.45,0.7692,0.8686,0.8686,high,1,
M000342,camA_to_camB,camA,843,car,camB,968,car,72.95,73.15,0.2,0.4615,0.6861,0.6861,high,1,
M000343,camA_to_camB,camA,767,car,camB,973,car,73.25,73.8,0.55,0.4615,0.67,0.67,high,1,
M000344,camB_to_camA,camB,909,car,camA,885,car,73.85,74.05,0.2,0.4615,0.7273,0.7273,high,1,
M000345,camB_to_camA,camB,823,car,camA,891,car,74.45,74.9,0.45,0.7692,0.8625,0.8625,high,1,
M000347,camB_to_camA,camB,911,car,camA,893,car,75.1,75.6,0.5,0.6154,0.7871,0.7871,high,1,
M000348,camB_to_camA,camB,965,car,camA,900,car,75.95,76.15,0.2,0.4615,0.7014,0.7014,high,1,
M000352,camB_to_camA,camB,940,car,camA,928,car,77.7,78.25,0.55,0.4615,0.7671,0.1095,medium,2,camA#901(0.66)
M000353,camB_to_camA,camB,953,truck,camA,934,truck,79.05,79.25,0.2,0.4615,0.6747,0.6747,high,1,
M000354,camA_to_camB,camA,887,car,camB,1063,car,79.45,79.9,0.45,0.7692,0.8507,0.8507,high,1,
M000357,camA_to_camB,camA,892,car,camB,1076,car,80.2,81.2,1.0,0.961,0.8855,0.8855,high,1,
M000359,camA_to_camB,camA,911,car,camB,1072,car,80.5,80.7,0.2,0.4615,0.7558,0.7558,high,1,
M000360,camB_to_camA,camB,1048,car,camA,999,car,84.3,84.6,0.3,0.7692,0.8138,0.8138,high,1,
M000361,camA_to_camB,camA,945,truck,camB,1122,truck,84.4,84.85,0.45,0.7692,0.8469,0.8469,high,1,
M000363,camA_to_camB,camA,986,car,camB,1173,car,87.3,87.6,0.3,0.7692,0.809,0.2184,high,1,
M000364,camA_to_camB,camA,988,car,camB,1194,car,88.2,88.85,0.65,0.1538,0.6565,0.6565,high,1,
M000365,camB_to_camA,camB,1086,car,camA,1067,car,88.45,88.75,0.3,0.7692,0.8284,0.1056,medium,2,camA#1073(0.72)
M000367,camB_to_camA,camB,1153,car,camA,1085,car,90.5,90.75,0.25,0.6154,0.8375,0.8375,high,1,
M000368,camA_to_camB,camA,1038,car,camB,1225,car,91.8,92.35,0.55,0.4615,0.7349,0.7349,high,1,
M000369,camA_to_camB,camA,1076,car,camB,1228,car,92.3,92.6,0.3,0.7692,0.8073,0.8073,high,1,
M000370,camB_to_camA,camB,1169,car,camA,1098,car,92.45,92.7,0.25,0.6154,0.7871,0.7871,high,1,
M000371,camA_to_camB,camA,1043,car,camB,1244,car,92.85,93.4,0.55,0.4615,0.5237,0.5237,medium,1,
M000372,camA_to_camB,camA,1089,car,camB,1249,car,93.3,93.55,0.25,0.6154,0.7589,0.7589,high,1,
M000373,camB_to_camA,camB,1190,truck,camA,1114,truck,94.75,95.15,0.4,0.9231,0.8522,0.8522,high,1,
M000374,camA_to_camB,camA,1060,car,camB,1276,car,94.8,95.4,0.6,0.3077,0.6928,0.6928,high,1,
M000375,camB_to_camA,camB,1245,car,camA,1117,car,95.45,95.65,0.2,0.4615,0.6579,0.6579,high,1,
M000376,camA_to_camB,camA,1077,car,camB,1333,car,95.85,97.65,1.8,0.4294,0.6654,0.6654,high,1,
M000377,camA_to_camB,camA,1079,car,camB,1300,car,96.05,96.55,0.5,0.6154,0.6632,0.6632,high,1,
M000378,camB_to_camA,camB,1265,car,camA,1126,car,96.3,96.65,0.35,0.9231,0.8651,0.8651,high,1,
M000379,camB_to_camA,camB,1257,car,camA,1138,car,97.1,97.25,0.15,0.3077,0.6985,0.6985,high,1,
M000380,camB_to_camA,camB,1259,truck,camA,1151,truck,97.75,98.3,0.55,0.4615,0.7716,0.167,medium,2,camA#1154(0.60)
M000383,camB_to_camA,camB,1266,car,camA,1166,car,98.95,99.35,0.4,0.9231,0.8772,0.1033,medium,4,camA#1172(0.73);camA#1171(0.61);camA#1161(0.61)
M000384,camA_to_camB,camA,1097,car,camB,1363,car,99.0,99.5,0.5,0.6154,0.7038,0.7038,high,1,
M000385,camB_to_camA,camB,1293,car,camA,1161,car,99.15,99.5,0.35,0.9231,0.9134,0.2134,high,4,camA#1171(0.70);camA#1166(0.61);camA#1187(0.60)
M000003,camA_to_camB,camA,1131,car,camB,1377,car,100.0,100.2,0.2,0.4615,0.7667,0.7667,high,1,
M000005,camB_to_camA,camB,1279,car,camA,1202,car,101.2,101.6,0.4,0.9231,0.8943,0.1833,medium,2,camA#1219(0.71)
M000006,camA_to_camB,camA,1130,car,camB,1392,car,101.3,101.65,0.35,0.9231,0.935,0.935,high,1,
M000008,camA_to_camB,camA,1118,car,camB,1405,car,102.05,103.2,1.15,0.316,0.6447,0.6447,high,1,
M000009,camB_to_camA,camB,1304,car,camA,1261,car,104.15,104.5,0.35,0.9231,0.9444,0.2293,high,1,
M000011,camB_to_camA,camB,1336,car,camA,1271,car,104.75,105.25,0.5,0.6154,0.8125,0.1685,medium,2,camA#1279(0.64)
M000012,camA_to_camB,camA,1167,car,camB,1448,car,105.75,106.2,0.45,0.7692,0.7697,0.7697,high,1,
M000013,camB_to_camA,camB,1389,car,camA,1308,car,107.75,108.1,0.35,0.9231,0.907,0.907,high,1,
M000014,camA_to_camB,camA,1226,car,camB,1482,car,108.05,108.6,0.55,0.4615,0.6464,0.6464,high,1,
M000015,camB_to_camA,camB,1446,truck,camA,1318,truck,108.8,109.1,0.3,0.7692,0.7847,0.7847,high,1,
M000016,camB_to_camA,camB,1453,car,camA,1332,car,109.35,109.55,0.2,0.4615,0.7447,0.7447,high,1,
M000017,camA_to_camB,camA,1276,car,camB,1496,car,109.95,110.4,0.45,0.7692,0.8369,0.8369,high,1,
M000021,camA_to_camB,camA,1281,car,camB,1513,car,110.6,111.6,1.0,0.9341,0.8998,0.8998,high,1,
M000024,camB_to_camA,camB,1432,car,camA,1354,car,110.95,111.45,0.5,0.6154,0.7776,0.2008,medium,2,camA#1349(0.58)
M000025,camA_to_camB,camA,1306,car,camB,1521,car,112.3,112.6,0.3,0.7692,0.7746,0.7746,high,1,
M000026,camA_to_camB,camA,1299,car,camB,1543,car,112.85,114.2,1.35,0.2138,0.5827,0.5827,high,1,
M000029,camA_to_camB,camA,1335,car,camB,1548,car,115.3,115.55,0.25,0.6154,0.7502,0.7502,high,1,
M000030,camB_to_camA,camB,1491,car,camA,1423,car,115.7,116.2,0.5,0.6154,0.7845,0.7845,high,1,
M000031,camA_to_camB,camA,1343,car,camB,1556,car,115.75,116.35,0.6,0.3077,0.5756,0.5756,high,1,
M000032,camB_to_camA,camB,1498,car,camA,1434,car,116.3,116.75,0.45,0.7692,0.8846,0.8846,high,1,
M000033,camB_to_camA,camB,1530,car,camA,1442,car,117.25,117.5,0.25,0.6154,0.8245,0.8245,high,1,
M000035,camB_to_camA,camB,1546,car,camA,1455,car,118.8,119.2,0.4,0.9231,0.8992,0.1008,medium,2,camA#1454(0.67)
M000036,camA_to_camB,camA,1379,car,camB,1592,car,119.2,120.4,1.2,0.679,0.8099,0.8099,high,1,
M000038,camB_to_camA,camB,1557,car,camA,1463,car,120.5,120.95,0.45,0.7692,0.7947,0.7947,high,1,
M000039,camA_to_camB,camA,1431,car,camB,1595,car,120.6,120.9,0.3,0.7692,0.8559,0.8559,high,1,
M000042,camA_to_camB,camA,1461,car,camB,1641,car,124.0,124.2,0.2,0.4615,0.7301,0.7301,high,1,
M000043,camA_to_camB,camA,1466,car,camB,1659,car,125.75,126.0,0.25,0.6154,0.795,0.795,high,1,
M000044,camB_to_camA,camB,1599,car,camA,1527,car,125.75,126.0,0.25,0.6154,0.8475,0.8475,high,1,
M000045,camA_to_camB,camA,1451,car,camB,1664,car,126.3,126.8,0.5,0.6154,0.7642,0.7642,high,1,
M000048,camA_to_camB,camA,1514,car,camB,1684,car,128.0,128.4,0.4,0.9231,0.8578,0.105,medium,2,camB#1687(0.75)
M000050,camB_to_camA,camB,1649,car,camA,1568,car,128.6,128.8,0.2,0.4615,0.6882,0.1085,medium,2,camA#1559(0.39)
M000054,camB_to_camA,camB,1636,car,camA,1613,car,130.15,130.4,0.25,0.6154,0.8329,0.8329,high,1,
M000055,camA_to_camB,camA,1537,car,camB,1755,car,131.45,133.4,1.95,0.3307,0.4794,0.4794,medium,1,
M000056,camB_to_camA,camB,1642,car,camA,1651,car,132.6,132.85,0.25,0.6154,0.7349,0.1994,medium,2,camA#1664(0.54)
M000059,camA_to_camB,camA,1566,car,camB,1782,car,134.55,135.7,1.15,0.3406,0.5836,0.5836,high,1,
M000060,camB_to_camA,camB,1708,car,camA,1695,car,135.7,135.95,0.25,0.6154,0.7765,0.7765,high,1,
M000061,camA_to_camB,camA,1617,car,camB,1803,car,135.95,136.35,0.4,0.9231,0.9147,0.1345,medium,1,
M000065,camA_to_camB,camA,1554,car,camB,1863,car,138.45,140.0,1.55,0.9402,0.8759,0.1083,medium,2,camB#1865(0.73)
M000066,camB_to_camA,camB,1744,car,camA,1730,car,139.7,140.0,0.3,0.7692,0.8943,0.1578,medium,2,camA#1740(0.74)
M000070,camA_to_camB,camA,1711,car,camB,1882,car,140.8,141.15,0.35,0.9231,0.8827,0.8827,high,1,
M000071,camB_to_camA,camB,1806,car,camA,1762,car,141.5,141.85,0.35,0.9231,0.89,0.2244,high,2,camA#1769(0.67)
M000072,camA_to_camB,camA,1726,car,camB,1897,car,141.6,141.9,0.3,0.7692,0.7985,0.7985,high,1,
M000075,camB_to_camA,camB,1816,car,camA,1782,car,143.15,143.45,0.3,0.7692,0.8642,0.1629,medium,2,camA#1792(0.70)
M000076,camA_to_camB,camA,1753,car,camB,1942,car,143.7,143.95,0.25,0.6154,0.7043,0.7043,high,1,
M000077,camA_to_camB,camA,1698,car,camB,1948,car,143.95,144.55,0.6,0.3077,0.7111,0.7111,high,1,
M000078,camB_to_camA,camB,1874,car,camA,1807,car,144.55,144.85,0.3,0.7692,0.8973,0.2813,high,2,camA#1805(0.62)
M000079,camB_to_camA,camB,1899,car,camA,1819,car,145.3,145.5,0.2,0.4615,0.7409,0.7409,high,1,
M000082,camB_to_camA,camB,1914,car,camA,1823,car,146.45,146.65,0.2,0.4615,0.6631,0.6631,high,1,
M000083,camA_to_camB,camA,1785,car,camB,2040,car,147.35,147.55,0.2,0.4615,0.7282,0.7282,high,1,
M000086,camA_to_camB,camA,1783,car,camB,2055,car,148.8,149.1,0.3,0.7692,0.8781,0.8781,high,1,
M000087,camB_to_camA,camB,1891,car,camA,1895,car,148.95,149.3,0.35,0.9231,0.885,0.885,high,1,
M000088,camA_to_camB,camA,1764,car,camB,2070,car,149.2,150.3,1.1,0.6475,0.722,0.722,high,1,
M000089,camB_to_camA,camB,1933,car,camA,1901,car,149.8,150.05,0.25,0.6154,0.8118,0.2341,high,2,camA#1906(0.58)
M000092,camA_to_camB,camA,1808,car,camB,2080,car,150.9,151.35,0.45,0.7692,0.7853,0.7853,high,1,
M000093,camB_to_camA,camB,1990,car,camA,1914,car,151.2,151.45,0.25,0.6154,0.8356,0.8356,high,1,
M000095,camB_to_camA,camB,2047,car,camA,1931,car,152.9,153.2,0.3,0.7692,0.8805,0.8805,high,1,
M000096,camA_to_camB,camA,1854,car,camB,2124,car,153.9,154.5,0.6,0.3077,0.7182,0.7182,high,1,
M000097,camB_to_camA,camB,2101,car,camA,1940,car,153.95,154.25,0.3,0.7692,0.8467,0.8467,high,1,
M000100,camA_to_camB,camA,1898,car,camB,2152,car,155.85,156.35,0.5,0.6154,0.7073,0.7073,high,1,
M000104,camB_to_camA,camB,2081,car,camA,1976,car,156.7,157.0,0.3,0.7692,0.8501,0.8501,high,1,
M000105,camB_to_camA,camB,2135,car,camA,1990,car,157.75,157.9,0.15,0.3077,0.6014,0.6014,high,1,
M000107,camB_to_camA,camB,2103,car,camA,2017,car,159.7,160.15,0.45,0.7692,0.8939,0.8939,high,1,
M000108,camA_to_camB,camA,1904,car,camB,2194,car,161.55,163.15,1.6,0.7565,0.7862,0.1203,medium,2,camB#2191(0.61)
M000109,camA_to_camB,camA,2018,car,camB,2191,car,163.0,163.3,0.3,0.7692,0.8388,0.1729,medium,2,camB#2194(0.67)
M000111,camB_to_camA,camB,2180,car,camA,2036,car,165.05,165.25,0.2,0.4615,0.7676,0.7676,high,1,
M000113,camB_to_camA,camB,2192,car,camA,2048,car,169.45,169.7,0.25,0.6154,0.7575,0.1177,medium,1,
M000119,camB_to_camA,camB,2218,car,camA,2043,car,170.7,170.85,0.15,0.3077,0.7371,0.7371,high,1,
M000120,camB_to_camA,camB,2199,car,camA,2057,car,171.1,171.45,0.35,0.9231,0.9108,0.9108,high,1,
M000121,camB_to_camA,camB,2225,car,camA,2077,car,173.3,173.55,0.25,0.6154,0.6923,0.6923,high,1,
M000122,camB_to_camA,camB,2278,car,camA,2082,car,174.65,174.85,0.2,0.4615,0.6986,0.6986,high,1,
M000123,camA_to_camB,camA,2041,car,camB,2295,car,174.75,175.3,0.55,0.4615,0.6129,0.6129,high,1,
M000124,camB_to_camA,camB,2288,car,camA,2096,car,177.35,177.6,0.25,0.6154,0.8409,0.8409,high,1,
M000125,camB_to_camA,camB,2285,car,camA,2099,car,177.95,178.25,0.3,0.7692,0.8573,0.8573,high,1,
M000126,camA_to_camB,camA,2078,car,camB,2313,car,178.25,178.7,0.45,0.7692,0.8757,0.8757,high,1,
M000127,camA_to_camB,camA,2088,car,camB,2315,car,178.9,179.15,0.25,0.6154,0.6784,0.6784,high,1,
M000128,camA_to_camB,camA,2079,car,camB,2327,car,180.6,181.1,0.5,0.6154,0.7914,0.7914,high,1,
M000129,camB_to_camA,camB,2297,car,camA,2109,car,180.7,180.9,0.2,0.4615,0.7196,0.1352,medium,2,camA#2117(0.58)
M000130,camA_to_camB,camA,2086,car,camB,2338,car,180.75,181.6,0.85,0.4905,0.7702,0.1802,medium,2,camB#2340(0.59)
M000132,camA_to_camB,camA,2100,car,camB,2340,car,181.8,182.05,0.25,0.6154,0.8197,0.2297,high,1,
M000133,camA_to_camB,camA,2094,car,camB,2358,car,182.55,183.6,1.05,0.8031,0.8011,0.8011,high,1,
M000136,camA_to_camB,camA,2106,car,camB,2384,car,185.4,185.9,0.5,0.6154,0.7581,0.7581,high,1,
M000139,camB_to_camA,camB,2347,car,camA,2153,car,187.35,187.7,0.35,0.9231,0.9002,0.9002,high,1,
M000140,camB_to_camA,camB,2325,car,camA,2159,car,188.1,188.35,0.25,0.6154,0.754,0.754,high,1,
M000141,camB_to_camA,camB,2372,car,camA,2161,car,189.3,189.55,0.25,0.6154,0.8083,0.8083,high,1,
M000142,camA_to_camB,camA,2120,car,camB,2430,car,190.05,191.7,1.65,0.8659,0.8856,0.8856,high,1,
M000143,camB_to_camA,camB,2393,car,camA,2169,car,191.4,191.75,0.35,0.9231,0.9395,0.1287,medium,2,camA#2174(0.81)
M000146,camB_to_camA,camB,2410,car,camA,2191,car,194.55,194.8,0.25,0.6154,0.839,0.1787,medium,2,camA#2197(0.66)
M000147,camB_to_camA,camB,2420,car,camA,2197,car,194.85,195.15,0.3,0.7692,0.8515,0.1912,medium,1,
M000148,camA_to_camB,camA,2149,car,camB,2465,car,196.2,197.95,1.75,0.9568,0.8274,0.8274,high,1,
M000149,camA_to_camB,camA,2171,car,camB,2468,car,198.05,198.5,0.45,0.7692,0.8415,0.8415,high,1,
M000150,camA_to_camB,camA,2182,car,camB,2479,car,198.3,199.2,0.9,0.8503,0.8401,0.8401,high,1,
M000151,camB_to_camA,camB,2425,car,camA,2219,car,198.75,198.95,0.2,0.4615,0.7498,0.7498,high,1,
M000152,camB_to_camA,camB,2449,car,camA,2229,car,199.45,199.65,0.2,0.4615,0.7649,0.7649,high,1,
M000157,camB_to_camA,camB,2448,car,camA,2235,car,200.35,200.55,0.2,0.4615,0.6893,0.6893,high,1,
M000158,camA_to_camB,camA,2204,car,camB,2491,car,200.85,201.15,0.3,0.7692,0.8759,0.8759,high,1,
M000160,camA_to_camB,camA,2213,car,camB,2501,car,201.4,201.9,0.5,0.6154,0.7086,0.7086,high,1,
M000162,camB_to_camA,camB,2456,car,camA,2252,car,202.35,202.65,0.3,0.7692,0.8695,0.8695,high,1,
M000163,camA_to_camB,camA,2217,car,camB,2533,car,203.1,203.7,0.6,0.3077,0.6551,0.1315,medium,1,
M000164,camA_to_camB,camA,2243,car,camB,2537,car,203.4,203.8,0.4,0.9231,0.903,0.1164,medium,2,camB#2533(0.79)
M000167,camA_to_camB,camA,2231,car,camB,2570,car,205.0,205.9,0.9,0.9497,0.8583,0.8583,high,1,
M000168,camB_to_camA,camB,2547,car,camA,2275,car,205.1,205.3,0.2,0.4615,0.7212,0.7212,high,1,
M000171,camA_to_camB,camA,2245,car,camB,2598,car,206.85,208.05,1.2,0.4484,0.7119,0.7119,high,1,
M000172,camA_to_camB,camA,2248,car,camB,2584,car,206.85,207.1,0.25,0.6154,0.7817,0.7817,high,1,
M000173,camB_to_camA,camB,2512,car,camA,2293,car,207.05,207.3,0.25,0.6154,0.8304,0.8304,high,1,
M000174,camA_to_camB,camA,2236,car,camB,2593,car,207.45,207.9,0.45,0.7692,0.7506,0.7506,high,1,
M000175,camA_to_camB,camA,2265,car,camB,2599,car,208.1,208.35,0.25,0.6154,0.769,0.769,high,1,
M000176,camB_to_camA,camB,2538,car,camA,2310,car,208.55,208.8,0.25,0.6154,0.7285,0.7285,high,1,
M000177,camA_to_camB,camA,2259,car,camB,2627,car,209.1,209.35,0.25,0.6154,0.7984,0.7984,high,1,
M000178,camA_to_camB,camA,2263,car,camB,2669,car,209.6,210.95,1.35,0.0225,0.598,0.598,high,1,
M000181,camA_to_camB,camA,2280,car,camB,2685,car,211.15,212.15,1.0,0.8375,0.772,0.772,high,1,
M000185,camA_to_camB,camA,2299,car,camB,2694,car,212.2,212.45,0.25,0.6154,0.8146,0.8146,high,1,
M000186,camB_to_camA,camB,2624,car,camA,2343,car,212.4,212.6,0.2,0.4615,0.7926,0.7926,high,1,
M000187,camA_to_camB,camA,2304,car,camB,2710,car,212.85,213.3,0.45,0.7692,0.8584,0.8584,high,1,
M000188,camA_to_camB,camA,2332,car,camB,2721,car,213.7,214.1,0.4,0.9231,0.8996,0.2208,high,1,
M000189,camB_to_camA,camB,2606,car,camA,2363,car,214.0,214.35,0.35,0.9231,0.9344,0.9344,high,1,
M000190,camB_to_camA,camB,2647,car,camA,2368,car,214.3,214.6,0.3,0.7692,0.8138,0.8138,high,1,
M000191,camA_to_camB,camA,2317,car,camB,2738,car,214.8,215.35,0.55,0.4615,0.7745,0.7745,high,1,
M000192,camB_to_camA,camB,2660,car,camA,2371,car,215.4,215.75,0.35,0.9231,0.9391,0.9391,high,1,
M000193,camB_to_camA,camB,2705,car,camA,2374,car,215.9,216.45,0.55,0.4615,0.7696,0.7696,high,1,
M000194,camA_to_camB,camA,2337,car,camB,2746,car,216.1,216.35,0.25,0.6154,0.7112,0.7112,high,1,
M000195,camA_to_camB,camA,2290,car,camB,2776,car,216.95,218.75,1.8,0.7894,0.8026,0.1641,medium,2,camB#2771(0.54)
M000196,camA_to_camB,camA,2316,car,camB,2763,car,217.05,217.55,0.5,0.6154,0.6622,0.6622,high,1,
M000197,camB_to_camA,camB,2702,car,camA,2385,car,217.65,217.95,0.3,0.7692,0.863,0.863,high,1,
M000200,camA_to_camB,camA,2355,car,camB,2793,car,218.35,220.2,1.85,0.3302,0.6221,0.6221,high,1,
M000202,camA_to_camB,camA,2372,car,camB,2775,car,219.3,219.5,0.2,0.4615,0.6724,0.6724,high,1,
M000205,camA_to_camB,camA,2369,car,camB,2808,car,220.75,221.15,0.4,0.9231,0.864,0.864,high,1,
M000206,camB_to_camA,camB,2755,car,camA,2418,car,220.9,221.15,0.25,0.6154,0.8186,0.8186,high,1,
M000207,camB_to_camA,camB,2767,car,camA,2428,car,222.25,222.5,0.25,0.6154,0.8147,0.8147,high,1,
M000208,camA_to_camB,camA,2392,car,camB,2841,car,222.7,222.95,0.25,0.6154,0.7956,0.7956,high,1,
M000209,camB_to_camA,camB,2800,car,camA,2440,car,223.05,223.2,0.15,0.3077,0.6462,0.6462,high,1,
M000210,camB_to_camA,camB,2768,car,camA,2447,car,224.25,224.55,0.3,0.7692,0.8187,0.8187,high,1,
M000211,camA_to_camB,camA,2401,car,camB,2870,car,225.0,225.55,0.55,0.4615,0.6448,0.6448,high,1,
M000212,camB_to_camA,camB,2830,car,camA,2453,car,225.0,225.2,0.2,0.4615,0.7917,0.7917,high,1,
M000213,camB_to_camA,camB,2807,car,camA,2464,car,226.15,226.45,0.3,0.7692,0.8245,0.8245,high,1,
M000214,camB_to_camA,camB,2837,car,camA,2468,car,226.7,226.95,0.25,0.6154,0.783,0.783,high,1,
M000215,camB_to_camA,camB,2819,car,camA,2472,car,227.2,227.4,0.2,0.4615,0.7545,0.7545,high,1,
M000216,camA_to_camB,camA,2415,car,camB,2924,car,227.7,228.2,0.5,0.6154,0.7287,0.7287,high,1,
M000217,camB_to_camA,camB,2833,car,camA,2475,car,227.7,228.05,0.35,0.9231,0.9197,0.9197,high,1,
M000218,camA_to_camB,camA,2435,car,camB,2929,car,228.15,228.4,0.25,0.6154,0.6769,0.6769,high,1,
M000219,camB_to_camA,camB,2847,car,camA,2483,car,228.55,228.8,0.25,0.6154,0.6782,0.6782,high,1,
M000220,camA_to_camB,camA,2381,car,camB,2950,car,228.65,230.25,1.6,0.888,0.8819,0.8819,high,1,
M000221,camB_to_camA,camB,2914,car,camA,2474,car,229.25,229.55,0.3,0.7692,0.7885,0.7885,high,1,
M000225,camB_to_camA,camB,2899,car,camA,2496,car,230.05,230.4,0.35,0.9231,0.9514,0.9514,high,1,
M000226,camA_to_camB,camA,2442,car,camB,2963,car,230.1,231.15,1.05,0.7412,0.7016,0.1051,medium,3,camB#2961(0.81);camB#2965(0.50)
M000228,camB_to_camA,camB,2905,car,camA,2506,car,231.45,231.85,0.4,0.9231,0.9298,0.148,medium,2,camA#2504(0.65)
M000229,camA_to_camB,camA,2461,car,camB,2993,car,232.45,233.55,1.1,0.478,0.7439,0.7439,high,1,
M000230,camB_to_camA,camB,2925,car,camA,2517,car,233.1,233.4,0.3,0.7692,0.8615,0.8615,high,1,
M000233,camB_to_camA,camB,2910,car,camA,2525,car,233.85,234.15,0.3,0.7692,0.8859,0.8859,high,1,
M000234,camB_to_camA,camB,2928,car,camA,2531,car,234.5,234.75,0.25,0.6154,0.7954,0.7954,high,1,
M000235,camB_to_camA,camB,2919,car,camA,2536,car,234.85,235.25,0.4,0.9231,0.9056,0.1649,medium,2,camA#2537(0.69)
M000236,camB_to_camA,camB,2940,car,camA,2537,car,235.05,235.45,0.4,0.9231,0.911,0.1703,medium,2,camA#2536(0.74)
M000237,camA_to_camB,camA,2477,car,camB,3032,car,235.2,235.8,0.6,0.3077,0.682,0.682,high,1,
M000240,camA_to_camB,camA,2493,car,camB,3056,car,235.75,237.25,1.5,0.4228,0.6021,0.6021,high,1,
M000241,camB_to_camA,camB,2951,car,camA,2571,car,236.5,236.95,0.45,0.7692,0.8556,0.8556,high,1,
M000244,camB_to_camA,camB,3023,car,camA,2602,car,238.45,238.65,0.2,0.4615,0.7227,0.7227,high,1,
M000248,camB_to_camA,camB,3002,car,camA,2619,car,240.7,241.15,0.45,0.7692,0.8345,0.1943,medium,2,camA#2628(0.64)
M000249,camA_to_camB,camA,2617,truck,camB,3098,truck,241.4,242.0,0.6,0.3077,0.5833,0.5833,high,1,
M000250,camB_to_camA,camB,2995,car,camA,2629,car,241.55,242.05,0.5,0.6154,0.8059,0.8059,high,1,
M000251,camA_to_camB,camA,2511,car,camB,3104,car,242.5,243.1,0.6,0.3077,0.5503,0.5503,high,1,
M000253,camB_to_camA,camB,3054,car,camA,2647,car,244.1,244.45,0.35,0.9231,0.8945,0.8945,high,1,
M000254,camB_to_camA,camB,3085,car,camA,2645,car,245.1,245.45,0.35,0.9231,0.9056,0.9056,high,1,
M000255,camB_to_camA,camB,3139,car,camA,2673,car,247.25,248.9,1.65,0.3548,0.7118,0.7118,high,1,
