camera_id,source_video,frame,timestamp,split,image
camA,data/cams/camA_20fps.mp4,15,0.75,train,data/vehicle_dataset/images/train/camA_000000_0000.75.jpg
camA,data/cams/camA_20fps.mp4,45,2.25,train,data/vehicle_dataset/images/train/camA_000001_0002.25.jpg
camA,data/cams/camA_20fps.mp4,75,3.75,train,data/vehicle_dataset/images/train/camA_000002_0003.75.jpg
camA,data/cams/camA_20fps.mp4,105,5.25,train,data/vehicle_dataset/images/train/camA_000003_0005.25.jpg
camA,data/cams/camA_20fps.mp4,135,6.75,train,data/vehicle_dataset/images/train/camA_000004_0006.75.jpg
camA,data/cams/camA_20fps.mp4,165,8.25,train,data/vehicle_dataset/images/train/camA_000005_0008.25.jpg
camA,data/cams/camA_20fps.mp4,195,9.75,train,data/vehicle_dataset/images/train/camA_000006_0009.75.jpg
camA,data/cams/camA_20fps.mp4,226,11.3,train,data/vehicle_dataset/images/train/camA_000007_0011.30.jpg
camA,data/cams/camA_20fps.mp4,256,12.8,train,data/vehicle_dataset/images/train/camA_000008_0012.80.jpg
camA,data/cams/camA_20fps.mp4,286,14.3,train,data/vehicle_dataset/images/train/camA_000009_0014.30.jpg
camA,data/cams/camA_20fps.mp4,316,15.8,train,data/vehicle_dataset/images/train/camA_000010_0015.80.jpg
camA,data/cams/camA_20fps.mp4,346,17.3,train,data/vehicle_dataset/images/train/camA_000011_0017.30.jpg
camA,data/cams/camA_20fps.mp4,376,18.8,train,data/vehicle_dataset/images/train/camA_000012_0018.80.jpg
camA,data/cams/camA_20fps.mp4,407,20.35,train,data/vehicle_dataset/images/train/camA_000013_0020.35.jpg
camA,data/cams/camA_20fps.mp4,437,21.85,train,data/vehicle_dataset/images/train/camA_000014_0021.85.jpg
camA,data/cams/camA_20fps.mp4,467,23.35,train,data/vehicle_dataset/images/train/camA_000015_0023.35.jpg
camA,data/cams/camA_20fps.mp4,497,24.85,train,data/vehicle_dataset/images/train/camA_000016_0024.85.jpg
camA,data/cams/camA_20fps.mp4,527,26.35,train,data/vehicle_dataset/images/train/camA_000017_0026.35.jpg
camA,data/cams/camA_20fps.mp4,557,27.85,train,data/vehicle_dataset/images/train/camA_000018_0027.85.jpg
camA,data/cams/camA_20fps.mp4,587,29.35,train,data/vehicle_dataset/images/train/camA_000019_0029.35.jpg
camA,data/cams/camA_20fps.mp4,618,30.9,train,data/vehicle_dataset/images/train/camA_000020_0030.90.jpg
camA,data/cams/camA_20fps.mp4,648,32.4,train,data/vehicle_dataset/images/train/camA_000021_0032.40.jpg
camA,data/cams/camA_20fps.mp4,678,33.9,train,data/vehicle_dataset/images/train/camA_000022_0033.90.jpg
camA,data/cams/camA_20fps.mp4,708,35.4,train,data/vehicle_dataset/images/train/camA_000023_0035.40.jpg
camA,data/cams/camA_20fps.mp4,738,36.9,train,data/vehicle_dataset/images/train/camA_000024_0036.90.jpg
camA,data/cams/camA_20fps.mp4,768,38.4,train,data/vehicle_dataset/images/train/camA_000025_0038.40.jpg
camA,data/cams/camA_20fps.mp4,798,39.9,train,data/vehicle_dataset/images/train/camA_000026_0039.90.jpg
camA,data/cams/camA_20fps.mp4,829,41.45,train,data/vehicle_dataset/images/train/camA_000027_0041.45.jpg
camA,data/cams/camA_20fps.mp4,859,42.95,train,data/vehicle_dataset/images/train/camA_000028_0042.95.jpg
camA,data/cams/camA_20fps.mp4,889,44.45,train,data/vehicle_dataset/images/train/camA_000029_0044.45.jpg
camA,data/cams/camA_20fps.mp4,919,45.95,train,data/vehicle_dataset/images/train/camA_000030_0045.95.jpg
camA,data/cams/camA_20fps.mp4,949,47.45,train,data/vehicle_dataset/images/train/camA_000031_0047.45.jpg
camA,data/cams/camA_20fps.mp4,979,48.95,train,data/vehicle_dataset/images/train/camA_000032_0048.95.jpg
camA,data/cams/camA_20fps.mp4,1010,50.5,train,data/vehicle_dataset/images/train/camA_000033_0050.50.jpg
camA,data/cams/camA_20fps.mp4,1040,52.0,train,data/vehicle_dataset/images/train/camA_000034_0052.00.jpg
camA,data/cams/camA_20fps.mp4,1070,53.5,train,data/vehicle_dataset/images/train/camA_000035_0053.50.jpg
camA,data/cams/camA_20fps.mp4,1100,55.0,train,data/vehicle_dataset/images/train/camA_000036_0055.00.jpg
camA,data/cams/camA_20fps.mp4,1130,56.5,train,data/vehicle_dataset/images/train/camA_000037_0056.50.jpg
camA,data/cams/camA_20fps.mp4,1160,58.0,train,data/vehicle_dataset/images/train/camA_000038_0058.00.jpg
camA,data/cams/camA_20fps.mp4,1190,59.5,train,data/vehicle_dataset/images/train/camA_000039_0059.50.jpg
camA,data/cams/camA_20fps.mp4,1221,61.05,train,data/vehicle_dataset/images/train/camA_000040_0061.05.jpg
camA,data/cams/camA_20fps.mp4,1251,62.55,train,data/vehicle_dataset/images/train/camA_000041_0062.55.jpg
camA,data/cams/camA_20fps.mp4,1281,64.05,train,data/vehicle_dataset/images/train/camA_000042_0064.05.jpg
camA,data/cams/camA_20fps.mp4,1311,65.55,train,data/vehicle_dataset/images/train/camA_000043_0065.55.jpg
camA,data/cams/camA_20fps.mp4,1341,67.05,train,data/vehicle_dataset/images/train/camA_000044_0067.05.jpg
camA,data/cams/camA_20fps.mp4,1371,68.55,train,data/vehicle_dataset/images/train/camA_000045_0068.55.jpg
camA,data/cams/camA_20fps.mp4,1401,70.05,train,data/vehicle_dataset/images/train/camA_000046_0070.05.jpg
camA,data/cams/camA_20fps.mp4,1432,71.6,train,data/vehicle_dataset/images/train/camA_000047_0071.60.jpg
camA,data/cams/camA_20fps.mp4,1462,73.1,train,data/vehicle_dataset/images/train/camA_000048_0073.10.jpg
camA,data/cams/camA_20fps.mp4,1492,74.6,train,data/vehicle_dataset/images/train/camA_000049_0074.60.jpg
camA,data/cams/camA_20fps.mp4,1522,76.1,train,data/vehicle_dataset/images/train/camA_000050_0076.10.jpg
camA,data/cams/camA_20fps.mp4,1552,77.6,train,data/vehicle_dataset/images/train/camA_000051_0077.60.jpg
camA,data/cams/camA_20fps.mp4,1582,79.1,train,data/vehicle_dataset/images/train/camA_000052_0079.10.jpg
camA,data/cams/camA_20fps.mp4,1613,80.65,train,data/vehicle_dataset/images/train/camA_000053_0080.65.jpg
camA,data/cams/camA_20fps.mp4,1643,82.15,train,data/vehicle_dataset/images/train/camA_000054_0082.15.jpg
camA,data/cams/camA_20fps.mp4,1673,83.65,train,data/vehicle_dataset/images/train/camA_000055_0083.65.jpg
camA,data/cams/camA_20fps.mp4,1703,85.15,train,data/vehicle_dataset/images/train/camA_000056_0085.15.jpg
camA,data/cams/camA_20fps.mp4,1733,86.65,train,data/vehicle_dataset/images/train/camA_000057_0086.65.jpg
camA,data/cams/camA_20fps.mp4,1763,88.15,train,data/vehicle_dataset/images/train/camA_000058_0088.15.jpg
camA,data/cams/camA_20fps.mp4,1793,89.65,train,data/vehicle_dataset/images/train/camA_000059_0089.65.jpg
camA,data/cams/camA_20fps.mp4,1824,91.2,train,data/vehicle_dataset/images/train/camA_000060_0091.20.jpg
camA,data/cams/camA_20fps.mp4,1854,92.7,train,data/vehicle_dataset/images/train/camA_000061_0092.70.jpg
camA,data/cams/camA_20fps.mp4,1884,94.2,train,data/vehicle_dataset/images/train/camA_000062_0094.20.jpg
camA,data/cams/camA_20fps.mp4,1914,95.7,train,data/vehicle_dataset/images/train/camA_000063_0095.70.jpg
camA,data/cams/camA_20fps.mp4,1944,97.2,train,data/vehicle_dataset/images/train/camA_000064_0097.20.jpg
camA,data/cams/camA_20fps.mp4,1974,98.7,train,data/vehicle_dataset/images/train/camA_000065_0098.70.jpg
camA,data/cams/camA_20fps.mp4,2004,100.2,train,data/vehicle_dataset/images/train/camA_000066_0100.20.jpg
camA,data/cams/camA_20fps.mp4,2035,101.75,train,data/vehicle_dataset/images/train/camA_000067_0101.75.jpg
camA,data/cams/camA_20fps.mp4,2065,103.25,train,data/vehicle_dataset/images/train/camA_000068_0103.25.jpg
camA,data/cams/camA_20fps.mp4,2095,104.75,train,data/vehicle_dataset/images/train/camA_000069_0104.75.jpg
camA,data/cams/camA_20fps.mp4,2125,106.25,train,data/vehicle_dataset/images/train/camA_000070_0106.25.jpg
camA,data/cams/camA_20fps.mp4,2155,107.75,train,data/vehicle_dataset/images/train/camA_000071_0107.75.jpg
camA,data/cams/camA_20fps.mp4,2185,109.25,train,data/vehicle_dataset/images/train/camA_000072_0109.25.jpg
camA,data/cams/camA_20fps.mp4,2216,110.8,train,data/vehicle_dataset/images/train/camA_000073_0110.80.jpg
camA,data/cams/camA_20fps.mp4,2246,112.3,train,data/vehicle_dataset/images/train/camA_000074_0112.30.jpg
camA,data/cams/camA_20fps.mp4,2276,113.8,train,data/vehicle_dataset/images/train/camA_000075_0113.80.jpg
camA,data/cams/camA_20fps.mp4,2306,115.3,train,data/vehicle_dataset/images/train/camA_000076_0115.30.jpg
camA,data/cams/camA_20fps.mp4,2336,116.8,train,data/vehicle_dataset/images/train/camA_000077_0116.80.jpg
camA,data/cams/camA_20fps.mp4,2366,118.3,train,data/vehicle_dataset/images/train/camA_000078_0118.30.jpg
camA,data/cams/camA_20fps.mp4,2396,119.8,train,data/vehicle_dataset/images/train/camA_000079_0119.80.jpg
camA,data/cams/camA_20fps.mp4,2427,121.35,train,data/vehicle_dataset/images/train/camA_000080_0121.35.jpg
camA,data/cams/camA_20fps.mp4,2457,122.85,train,data/vehicle_dataset/images/train/camA_000081_0122.85.jpg
camA,data/cams/camA_20fps.mp4,2487,124.35,train,data/vehicle_dataset/images/train/camA_000082_0124.35.jpg
camA,data/cams/camA_20fps.mp4,2517,125.85,train,data/vehicle_dataset/images/train/camA_000083_0125.85.jpg
camA,data/cams/camA_20fps.mp4,2547,127.35,train,data/vehicle_dataset/images/train/camA_000084_0127.35.jpg
camA,data/cams/camA_20fps.mp4,2577,128.85,train,data/vehicle_dataset/images/train/camA_000085_0128.85.jpg
camA,data/cams/camA_20fps.mp4,2607,130.35,train,data/vehicle_dataset/images/train/camA_000086_0130.35.jpg
camA,data/cams/camA_20fps.mp4,2638,131.9,train,data/vehicle_dataset/images/train/camA_000087_0131.90.jpg
camA,data/cams/camA_20fps.mp4,2668,133.4,train,data/vehicle_dataset/images/train/camA_000088_0133.40.jpg
camA,data/cams/camA_20fps.mp4,2698,134.9,train,data/vehicle_dataset/images/train/camA_000089_0134.90.jpg
camA,data/cams/camA_20fps.mp4,2728,136.4,train,data/vehicle_dataset/images/train/camA_000090_0136.40.jpg
camA,data/cams/camA_20fps.mp4,2758,137.9,train,data/vehicle_dataset/images/train/camA_000091_0137.90.jpg
camA,data/cams/camA_20fps.mp4,2788,139.4,train,data/vehicle_dataset/images/train/camA_000092_0139.40.jpg
camA,data/cams/camA_20fps.mp4,2819,140.95,train,data/vehicle_dataset/images/train/camA_000093_0140.95.jpg
camA,data/cams/camA_20fps.mp4,2849,142.45,train,data/vehicle_dataset/images/train/camA_000094_0142.45.jpg
camA,data/cams/camA_20fps.mp4,2879,143.95,train,data/vehicle_dataset/images/train/camA_000095_0143.95.jpg
camA,data/cams/camA_20fps.mp4,2909,145.45,train,data/vehicle_dataset/images/train/camA_000096_0145.45.jpg
camA,data/cams/camA_20fps.mp4,2939,146.95,train,data/vehicle_dataset/images/train/camA_000097_0146.95.jpg
camA,data/cams/camA_20fps.mp4,2969,148.45,train,data/vehicle_dataset/images/train/camA_000098_0148.45.jpg
camA,data/cams/camA_20fps.mp4,2999,149.95,train,data/vehicle_dataset/images/train/camA_000099_0149.95.jpg
camA,data/cams/camA_20fps.mp4,3030,151.5,train,data/vehicle_dataset/images/train/camA_000100_0151.50.jpg
camA,data/cams/camA_20fps.mp4,3060,153.0,train,data/vehicle_dataset/images/train/camA_000101_0153.00.jpg
camA,data/cams/camA_20fps.mp4,3090,154.5,train,data/vehicle_dataset/images/train/camA_000102_0154.50.jpg
camA,data/cams/camA_20fps.mp4,3120,156.0,train,data/vehicle_dataset/images/train/camA_000103_0156.00.jpg
camA,data/cams/camA_20fps.mp4,3150,157.5,train,data/vehicle_dataset/images/train/camA_000104_0157.50.jpg
camA,data/cams/camA_20fps.mp4,3180,159.0,train,data/vehicle_dataset/images/train/camA_000105_0159.00.jpg
camA,data/cams/camA_20fps.mp4,3210,160.5,train,data/vehicle_dataset/images/train/camA_000106_0160.50.jpg
camA,data/cams/camA_20fps.mp4,3241,162.05,train,data/vehicle_dataset/images/train/camA_000107_0162.05.jpg
camA,data/cams/camA_20fps.mp4,3271,163.55,train,data/vehicle_dataset/images/train/camA_000108_0163.55.jpg
camA,data/cams/camA_20fps.mp4,3301,165.05,train,data/vehicle_dataset/images/train/camA_000109_0165.05.jpg
camA,data/cams/camA_20fps.mp4,3331,166.55,train,data/vehicle_dataset/images/train/camA_000110_0166.55.jpg
camA,data/cams/camA_20fps.mp4,3361,168.05,train,data/vehicle_dataset/images/train/camA_000111_0168.05.jpg
camA,data/cams/camA_20fps.mp4,3391,169.55,train,data/vehicle_dataset/images/train/camA_000112_0169.55.jpg
camA,data/cams/camA_20fps.mp4,3422,171.1,train,data/vehicle_dataset/images/train/camA_000113_0171.10.jpg
camA,data/cams/camA_20fps.mp4,3452,172.6,train,data/vehicle_dataset/images/train/camA_000114_0172.60.jpg
camA,data/cams/camA_20fps.mp4,3482,174.1,train,data/vehicle_dataset/images/train/camA_000115_0174.10.jpg
camA,data/cams/camA_20fps.mp4,3512,175.6,train,data/vehicle_dataset/images/train/camA_000116_0175.60.jpg
camA,data/cams/camA_20fps.mp4,3542,177.1,train,data/vehicle_dataset/images/train/camA_000117_0177.10.jpg
camA,data/cams/camA_20fps.mp4,3572,178.6,train,data/vehicle_dataset/images/train/camA_000118_0178.60.jpg
camA,data/cams/camA_20fps.mp4,3602,180.1,train,data/vehicle_dataset/images/train/camA_000119_0180.10.jpg
camA,data/cams/camA_20fps.mp4,3633,181.65,train,data/vehicle_dataset/images/train/camA_000120_0181.65.jpg
camA,data/cams/camA_20fps.mp4,3663,183.15,train,data/vehicle_dataset/images/train/camA_000121_0183.15.jpg
camA,data/cams/camA_20fps.mp4,3693,184.65,train,data/vehicle_dataset/images/train/camA_000122_0184.65.jpg
camA,data/cams/camA_20fps.mp4,3723,186.15,train,data/vehicle_dataset/images/train/camA_000123_0186.15.jpg
camA,data/cams/camA_20fps.mp4,3753,187.65,train,data/vehicle_dataset/images/train/camA_000124_0187.65.jpg
camA,data/cams/camA_20fps.mp4,3783,189.15,train,data/vehicle_dataset/images/train/camA_000125_0189.15.jpg
camA,data/cams/camA_20fps.mp4,3813,190.65,val,data/vehicle_dataset/images/val/camA_000126_0190.65.jpg
camA,data/cams/camA_20fps.mp4,3844,192.2,val,data/vehicle_dataset/images/val/camA_000127_0192.20.jpg
camA,data/cams/camA_20fps.mp4,3874,193.7,val,data/vehicle_dataset/images/val/camA_000128_0193.70.jpg
camA,data/cams/camA_20fps.mp4,3904,195.2,val,data/vehicle_dataset/images/val/camA_000129_0195.20.jpg
camA,data/cams/camA_20fps.mp4,3934,196.7,val,data/vehicle_dataset/images/val/camA_000130_0196.70.jpg
camA,data/cams/camA_20fps.mp4,3964,198.2,val,data/vehicle_dataset/images/val/camA_000131_0198.20.jpg
camA,data/cams/camA_20fps.mp4,3994,199.7,val,data/vehicle_dataset/images/val/camA_000132_0199.70.jpg
camA,data/cams/camA_20fps.mp4,4025,201.25,val,data/vehicle_dataset/images/val/camA_000133_0201.25.jpg
camA,data/cams/camA_20fps.mp4,4055,202.75,val,data/vehicle_dataset/images/val/camA_000134_0202.75.jpg
camA,data/cams/camA_20fps.mp4,4085,204.25,val,data/vehicle_dataset/images/val/camA_000135_0204.25.jpg
camA,data/cams/camA_20fps.mp4,4115,205.75,val,data/vehicle_dataset/images/val/camA_000136_0205.75.jpg
camA,data/cams/camA_20fps.mp4,4145,207.25,val,data/vehicle_dataset/images/val/camA_000137_0207.25.jpg
camA,data/cams/camA_20fps.mp4,4175,208.75,val,data/vehicle_dataset/images/val/camA_000138_0208.75.jpg
camA,data/cams/camA_20fps.mp4,4205,210.25,val,data/vehicle_dataset/images/val/camA_000139_0210.25.jpg
camA,data/cams/camA_20fps.mp4,4236,211.8,val,data/vehicle_dataset/images/val/camA_000140_0211.80.jpg
camA,data/cams/camA_20fps.mp4,4266,213.3,val,data/vehicle_dataset/images/val/camA_000141_0213.30.jpg
camA,data/cams/camA_20fps.mp4,4296,214.8,val,data/vehicle_dataset/images/val/camA_000142_0214.80.jpg
camA,data/cams/camA_20fps.mp4,4326,216.3,val,data/vehicle_dataset/images/val/camA_000143_0216.30.jpg
camA,data/cams/camA_20fps.mp4,4356,217.8,val,data/vehicle_dataset/images/val/camA_000144_0217.80.jpg
camA,data/cams/camA_20fps.mp4,4386,219.3,val,data/vehicle_dataset/images/val/camA_000145_0219.30.jpg
camA,data/cams/camA_20fps.mp4,4416,220.8,val,data/vehicle_dataset/images/val/camA_000146_0220.80.jpg
camA,data/cams/camA_20fps.mp4,4447,222.35,val,data/vehicle_dataset/images/val/camA_000147_0222.35.jpg
camA,data/cams/camA_20fps.mp4,4477,223.85,val,data/vehicle_dataset/images/val/camA_000148_0223.85.jpg
camA,data/cams/camA_20fps.mp4,4507,225.35,val,data/vehicle_dataset/images/val/camA_000149_0225.35.jpg
camA,data/cams/camA_20fps.mp4,4537,226.85,val,data/vehicle_dataset/images/val/camA_000150_0226.85.jpg
camA,data/cams/camA_20fps.mp4,4567,228.35,val,data/vehicle_dataset/images/val/camA_000151_0228.35.jpg
camA,data/cams/camA_20fps.mp4,4597,229.85,val,data/vehicle_dataset/images/val/camA_000152_0229.85.jpg
camA,data/cams/camA_20fps.mp4,4628,231.4,val,data/vehicle_dataset/images/val/camA_000153_0231.40.jpg
camA,data/cams/camA_20fps.mp4,4658,232.9,val,data/vehicle_dataset/images/val/camA_000154_0232.90.jpg
camA,data/cams/camA_20fps.mp4,4688,234.4,val,data/vehicle_dataset/images/val/camA_000155_0234.40.jpg
camA,data/cams/camA_20fps.mp4,4718,235.9,val,data/vehicle_dataset/images/val/camA_000156_0235.90.jpg
camA,data/cams/camA_20fps.mp4,4748,237.4,val,data/vehicle_dataset/images/val/camA_000157_0237.40.jpg
camA,data/cams/camA_20fps.mp4,4778,238.9,val,data/vehicle_dataset/images/val/camA_000158_0238.90.jpg
camA,data/cams/camA_20fps.mp4,4808,240.4,val,data/vehicle_dataset/images/val/camA_000159_0240.40.jpg
camA,data/cams/camA_20fps.mp4,4839,241.95,val,data/vehicle_dataset/images/val/camA_000160_0241.95.jpg
camA,data/cams/camA_20fps.mp4,4869,243.45,val,data/vehicle_dataset/images/val/camA_000161_0243.45.jpg
camA,data/cams/camA_20fps.mp4,4899,244.95,test,data/vehicle_dataset/images/test/camA_000162_0244.95.jpg
camA,data/cams/camA_20fps.mp4,4929,246.45,test,data/vehicle_dataset/images/test/camA_000163_0246.45.jpg
camA,data/cams/camA_20fps.mp4,4959,247.95,test,data/vehicle_dataset/images/test/camA_000164_0247.95.jpg
camA,data/cams/camA_20fps.mp4,4989,249.45,test,data/vehicle_dataset/images/test/camA_000165_0249.45.jpg
camA,data/cams/camA_20fps.mp4,5019,250.95,test,data/vehicle_dataset/images/test/camA_000166_0250.95.jpg
camA,data/cams/camA_20fps.mp4,5050,252.5,test,data/vehicle_dataset/images/test/camA_000167_0252.50.jpg
camA,data/cams/camA_20fps.mp4,5080,254.0,test,data/vehicle_dataset/images/test/camA_000168_0254.00.jpg
camA,data/cams/camA_20fps.mp4,5110,255.5,test,data/vehicle_dataset/images/test/camA_000169_0255.50.jpg
camA,data/cams/camA_20fps.mp4,5140,257.0,test,data/vehicle_dataset/images/test/camA_000170_0257.00.jpg
camA,data/cams/camA_20fps.mp4,5170,258.5,test,data/vehicle_dataset/images/test/camA_000171_0258.50.jpg
camA,data/cams/camA_20fps.mp4,5200,260.0,test,data/vehicle_dataset/images/test/camA_000172_0260.00.jpg
camA,data/cams/camA_20fps.mp4,5231,261.55,test,data/vehicle_dataset/images/test/camA_000173_0261.55.jpg
camA,data/cams/camA_20fps.mp4,5261,263.05,test,data/vehicle_dataset/images/test/camA_000174_0263.05.jpg
camA,data/cams/camA_20fps.mp4,5291,264.55,test,data/vehicle_dataset/images/test/camA_000175_0264.55.jpg
camA,data/cams/camA_20fps.mp4,5321,266.05,test,data/vehicle_dataset/images/test/camA_000176_0266.05.jpg
camA,data/cams/camA_20fps.mp4,5351,267.55,test,data/vehicle_dataset/images/test/camA_000177_0267.55.jpg
camA,data/cams/camA_20fps.mp4,5381,269.05,test,data/vehicle_dataset/images/test/camA_000178_0269.05.jpg
camA,data/cams/camA_20fps.mp4,5411,270.55,test,data/vehicle_dataset/images/test/camA_000179_0270.55.jpg
camB,data/cams/camB_20fps.mp4,13,0.65,train,data/vehicle_dataset/images/train/camB_000000_0000.65.jpg
camB,data/cams/camB_20fps.mp4,41,2.05,train,data/vehicle_dataset/images/train/camB_000001_0002.05.jpg
camB,data/cams/camB_20fps.mp4,68,3.4,train,data/vehicle_dataset/images/train/camB_000002_0003.40.jpg
camB,data/cams/camB_20fps.mp4,96,4.8,train,data/vehicle_dataset/images/train/camB_000003_0004.80.jpg
camB,data/cams/camB_20fps.mp4,123,6.15,train,data/vehicle_dataset/images/train/camB_000004_0006.15.jpg
camB,data/cams/camB_20fps.mp4,151,7.55,train,data/vehicle_dataset/images/train/camB_000005_0007.55.jpg
camB,data/cams/camB_20fps.mp4,178,8.9,train,data/vehicle_dataset/images/train/camB_000006_0008.90.jpg
camB,data/cams/camB_20fps.mp4,206,10.3,train,data/vehicle_dataset/images/train/camB_000007_0010.30.jpg
camB,data/cams/camB_20fps.mp4,233,11.65,train,data/vehicle_dataset/images/train/camB_000008_0011.65.jpg
camB,data/cams/camB_20fps.mp4,261,13.05,train,data/vehicle_dataset/images/train/camB_000009_0013.05.jpg
camB,data/cams/camB_20fps.mp4,288,14.4,train,data/vehicle_dataset/images/train/camB_000010_0014.40.jpg
camB,data/cams/camB_20fps.mp4,316,15.8,train,data/vehicle_dataset/images/train/camB_000011_0015.80.jpg
camB,data/cams/camB_20fps.mp4,343,17.15,train,data/vehicle_dataset/images/train/camB_000012_0017.15.jpg
camB,data/cams/camB_20fps.mp4,371,18.55,train,data/vehicle_dataset/images/train/camB_000013_0018.55.jpg
camB,data/cams/camB_20fps.mp4,398,19.9,train,data/vehicle_dataset/images/train/camB_000014_0019.90.jpg
camB,data/cams/camB_20fps.mp4,426,21.3,train,data/vehicle_dataset/images/train/camB_000015_0021.30.jpg
camB,data/cams/camB_20fps.mp4,453,22.65,train,data/vehicle_dataset/images/train/camB_000016_0022.65.jpg
camB,data/cams/camB_20fps.mp4,481,24.05,train,data/vehicle_dataset/images/train/camB_000017_0024.05.jpg
camB,data/cams/camB_20fps.mp4,508,25.4,train,data/vehicle_dataset/images/train/camB_000018_0025.40.jpg
camB,data/cams/camB_20fps.mp4,536,26.8,train,data/vehicle_dataset/images/train/camB_000019_0026.80.jpg
camB,data/cams/camB_20fps.mp4,563,28.15,train,data/vehicle_dataset/images/train/camB_000020_0028.15.jpg
camB,data/cams/camB_20fps.mp4,591,29.55,train,data/vehicle_dataset/images/train/camB_000021_0029.55.jpg
camB,data/cams/camB_20fps.mp4,618,30.9,train,data/vehicle_dataset/images/train/camB_000022_0030.90.jpg
camB,data/cams/camB_20fps.mp4,646,32.3,train,data/vehicle_dataset/images/train/camB_000023_0032.30.jpg
camB,data/cams/camB_20fps.mp4,673,33.65,train,data/vehicle_dataset/images/train/camB_000024_0033.65.jpg
camB,data/cams/camB_20fps.mp4,701,35.05,train,data/vehicle_dataset/images/train/camB_000025_0035.05.jpg
camB,data/cams/camB_20fps.mp4,728,36.4,train,data/vehicle_dataset/images/train/camB_000026_0036.40.jpg
camB,data/cams/camB_20fps.mp4,756,37.8,train,data/vehicle_dataset/images/train/camB_000027_0037.80.jpg
camB,data/cams/camB_20fps.mp4,783,39.15,train,data/vehicle_dataset/images/train/camB_000028_0039.15.jpg
camB,data/cams/camB_20fps.mp4,811,40.55,train,data/vehicle_dataset/images/train/camB_000029_0040.55.jpg
camB,data/cams/camB_20fps.mp4,838,41.9,train,data/vehicle_dataset/images/train/camB_000030_0041.90.jpg
camB,data/cams/camB_20fps.mp4,866,43.3,train,data/vehicle_dataset/images/train/camB_000031_0043.30.jpg
camB,data/cams/camB_20fps.mp4,893,44.65,train,data/vehicle_dataset/images/train/camB_000032_0044.65.jpg
camB,data/cams/camB_20fps.mp4,921,46.05,train,data/vehicle_dataset/images/train/camB_000033_0046.05.jpg
camB,data/cams/camB_20fps.mp4,948,47.4,train,data/vehicle_dataset/images/train/camB_000034_0047.40.jpg
camB,data/cams/camB_20fps.mp4,976,48.8,train,data/vehicle_dataset/images/train/camB_000035_0048.80.jpg
camB,data/cams/camB_20fps.mp4,1003,50.15,train,data/vehicle_dataset/images/train/camB_000036_0050.15.jpg
camB,data/cams/camB_20fps.mp4,1031,51.55,train,data/vehicle_dataset/images/train/camB_000037_0051.55.jpg
camB,data/cams/camB_20fps.mp4,1058,52.9,train,data/vehicle_dataset/images/train/camB_000038_0052.90.jpg
camB,data/cams/camB_20fps.mp4,1086,54.3,train,data/vehicle_dataset/images/train/camB_000039_0054.30.jpg
camB,data/cams/camB_20fps.mp4,1113,55.65,train,data/vehicle_dataset/images/train/camB_000040_0055.65.jpg
camB,data/cams/camB_20fps.mp4,1141,57.05,train,data/vehicle_dataset/images/train/camB_000041_0057.05.jpg
camB,data/cams/camB_20fps.mp4,1168,58.4,train,data/vehicle_dataset/images/train/camB_000042_0058.40.jpg
camB,data/cams/camB_20fps.mp4,1196,59.8,train,data/vehicle_dataset/images/train/camB_000043_0059.80.jpg
camB,data/cams/camB_20fps.mp4,1223,61.15,train,data/vehicle_dataset/images/train/camB_000044_0061.15.jpg
camB,data/cams/camB_20fps.mp4,1250,62.5,train,data/vehicle_dataset/images/train/camB_000045_0062.50.jpg
camB,data/cams/camB_20fps.mp4,1278,63.9,train,data/vehicle_dataset/images/train/camB_000046_0063.90.jpg
camB,data/cams/camB_20fps.mp4,1305,65.25,train,data/vehicle_dataset/images/train/camB_000047_0065.25.jpg
camB,data/cams/camB_20fps.mp4,1333,66.65,train,data/vehicle_dataset/images/train/camB_000048_0066.65.jpg
camB,data/cams/camB_20fps.mp4,1360,68.0,train,data/vehicle_dataset/images/train/camB_000049_0068.00.jpg
camB,data/cams/camB_20fps.mp4,1388,69.4,train,data/vehicle_dataset/images/train/camB_000050_0069.40.jpg
camB,data/cams/camB_20fps.mp4,1415,70.75,train,data/vehicle_dataset/images/train/camB_000051_0070.75.jpg
camB,data/cams/camB_20fps.mp4,1443,72.15,train,data/vehicle_dataset/images/train/camB_000052_0072.15.jpg
camB,data/cams/camB_20fps.mp4,1470,73.5,train,data/vehicle_dataset/images/train/camB_000053_0073.50.jpg
camB,data/cams/camB_20fps.mp4,1498,74.9,train,data/vehicle_dataset/images/train/camB_000054_0074.90.jpg
camB,data/cams/camB_20fps.mp4,1525,76.25,train,data/vehicle_dataset/images/train/camB_000055_0076.25.jpg
camB,data/cams/camB_20fps.mp4,1553,77.65,train,data/vehicle_dataset/images/train/camB_000056_0077.65.jpg
camB,data/cams/camB_20fps.mp4,1580,79.0,train,data/vehicle_dataset/images/train/camB_000057_0079.00.jpg
camB,data/cams/camB_20fps.mp4,1608,80.4,train,data/vehicle_dataset/images/train/camB_000058_0080.40.jpg
camB,data/cams/camB_20fps.mp4,1635,81.75,train,data/vehicle_dataset/images/train/camB_000059_0081.75.jpg
camB,data/cams/camB_20fps.mp4,1663,83.15,train,data/vehicle_dataset/images/train/camB_000060_0083.15.jpg
camB,data/cams/camB_20fps.mp4,1690,84.5,train,data/vehicle_dataset/images/train/camB_000061_0084.50.jpg
camB,data/cams/camB_20fps.mp4,1718,85.9,train,data/vehicle_dataset/images/train/camB_000062_0085.90.jpg
camB,data/cams/camB_20fps.mp4,1745,87.25,train,data/vehicle_dataset/images/train/camB_000063_0087.25.jpg
camB,data/cams/camB_20fps.mp4,1773,88.65,train,data/vehicle_dataset/images/train/camB_000064_0088.65.jpg
camB,data/cams/camB_20fps.mp4,1800,90.0,train,data/vehicle_dataset/images/train/camB_000065_0090.00.jpg
camB,data/cams/camB_20fps.mp4,1828,91.4,train,data/vehicle_dataset/images/train/camB_000066_0091.40.jpg
camB,data/cams/camB_20fps.mp4,1855,92.75,train,data/vehicle_dataset/images/train/camB_000067_0092.75.jpg
camB,data/cams/camB_20fps.mp4,1883,94.15,train,data/vehicle_dataset/images/train/camB_000068_0094.15.jpg
camB,data/cams/camB_20fps.mp4,1910,95.5,train,data/vehicle_dataset/images/train/camB_000069_0095.50.jpg
camB,data/cams/camB_20fps.mp4,1938,96.9,train,data/vehicle_dataset/images/train/camB_000070_0096.90.jpg
camB,data/cams/camB_20fps.mp4,1965,98.25,train,data/vehicle_dataset/images/train/camB_000071_0098.25.jpg
camB,data/cams/camB_20fps.mp4,1993,99.65,train,data/vehicle_dataset/images/train/camB_000072_0099.65.jpg
camB,data/cams/camB_20fps.mp4,2020,101.0,train,data/vehicle_dataset/images/train/camB_000073_0101.00.jpg
camB,data/cams/camB_20fps.mp4,2048,102.4,train,data/vehicle_dataset/images/train/camB_000074_0102.40.jpg
camB,data/cams/camB_20fps.mp4,2075,103.75,train,data/vehicle_dataset/images/train/camB_000075_0103.75.jpg
camB,data/cams/camB_20fps.mp4,2103,105.15,train,data/vehicle_dataset/images/train/camB_000076_0105.15.jpg
camB,data/cams/camB_20fps.mp4,2130,106.5,train,data/vehicle_dataset/images/train/camB_000077_0106.50.jpg
camB,data/cams/camB_20fps.mp4,2158,107.9,train,data/vehicle_dataset/images/train/camB_000078_0107.90.jpg
camB,data/cams/camB_20fps.mp4,2185,109.25,train,data/vehicle_dataset/images/train/camB_000079_0109.25.jpg
camB,data/cams/camB_20fps.mp4,2213,110.65,train,data/vehicle_dataset/images/train/camB_000080_0110.65.jpg
camB,data/cams/camB_20fps.mp4,2240,112.0,train,data/vehicle_dataset/images/train/camB_000081_0112.00.jpg
camB,data/cams/camB_20fps.mp4,2268,113.4,train,data/vehicle_dataset/images/train/camB_000082_0113.40.jpg
camB,data/cams/camB_20fps.mp4,2295,114.75,train,data/vehicle_dataset/images/train/camB_000083_0114.75.jpg
camB,data/cams/camB_20fps.mp4,2323,116.15,train,data/vehicle_dataset/images/train/camB_000084_0116.15.jpg
camB,data/cams/camB_20fps.mp4,2350,117.5,train,data/vehicle_dataset/images/train/camB_000085_0117.50.jpg
camB,data/cams/camB_20fps.mp4,2378,118.9,train,data/vehicle_dataset/images/train/camB_000086_0118.90.jpg
camB,data/cams/camB_20fps.mp4,2405,120.25,train,data/vehicle_dataset/images/train/camB_000087_0120.25.jpg
camB,data/cams/camB_20fps.mp4,2433,121.65,train,data/vehicle_dataset/images/train/camB_000088_0121.65.jpg
camB,data/cams/camB_20fps.mp4,2460,123.0,train,data/vehicle_dataset/images/train/camB_000089_0123.00.jpg
camB,data/cams/camB_20fps.mp4,2488,124.4,train,data/vehicle_dataset/images/train/camB_000090_0124.40.jpg
camB,data/cams/camB_20fps.mp4,2515,125.75,train,data/vehicle_dataset/images/train/camB_000091_0125.75.jpg
camB,data/cams/camB_20fps.mp4,2543,127.15,train,data/vehicle_dataset/images/train/camB_000092_0127.15.jpg
camB,data/cams/camB_20fps.mp4,2570,128.5,train,data/vehicle_dataset/images/train/camB_000093_0128.50.jpg
camB,data/cams/camB_20fps.mp4,2598,129.9,train,data/vehicle_dataset/images/train/camB_000094_0129.90.jpg
camB,data/cams/camB_20fps.mp4,2625,131.25,train,data/vehicle_dataset/images/train/camB_000095_0131.25.jpg
camB,data/cams/camB_20fps.mp4,2653,132.65,train,data/vehicle_dataset/images/train/camB_000096_0132.65.jpg
camB,data/cams/camB_20fps.mp4,2680,134.0,train,data/vehicle_dataset/images/train/camB_000097_0134.00.jpg
camB,data/cams/camB_20fps.mp4,2708,135.4,train,data/vehicle_dataset/images/train/camB_000098_0135.40.jpg
camB,data/cams/camB_20fps.mp4,2735,136.75,train,data/vehicle_dataset/images/train/camB_000099_0136.75.jpg
camB,data/cams/camB_20fps.mp4,2763,138.15,train,data/vehicle_dataset/images/train/camB_000100_0138.15.jpg
camB,data/cams/camB_20fps.mp4,2790,139.5,train,data/vehicle_dataset/images/train/camB_000101_0139.50.jpg
camB,data/cams/camB_20fps.mp4,2818,140.9,train,data/vehicle_dataset/images/train/camB_000102_0140.90.jpg
camB,data/cams/camB_20fps.mp4,2845,142.25,train,data/vehicle_dataset/images/train/camB_000103_0142.25.jpg
camB,data/cams/camB_20fps.mp4,2873,143.65,train,data/vehicle_dataset/images/train/camB_000104_0143.65.jpg
camB,data/cams/camB_20fps.mp4,2900,145.0,train,data/vehicle_dataset/images/train/camB_000105_0145.00.jpg
camB,data/cams/camB_20fps.mp4,2928,146.4,train,data/vehicle_dataset/images/train/camB_000106_0146.40.jpg
camB,data/cams/camB_20fps.mp4,2955,147.75,train,data/vehicle_dataset/images/train/camB_000107_0147.75.jpg
camB,data/cams/camB_20fps.mp4,2983,149.15,train,data/vehicle_dataset/images/train/camB_000108_0149.15.jpg
camB,data/cams/camB_20fps.mp4,3010,150.5,train,data/vehicle_dataset/images/train/camB_000109_0150.50.jpg
camB,data/cams/camB_20fps.mp4,3038,151.9,train,data/vehicle_dataset/images/train/camB_000110_0151.90.jpg
camB,data/cams/camB_20fps.mp4,3065,153.25,train,data/vehicle_dataset/images/train/camB_000111_0153.25.jpg
camB,data/cams/camB_20fps.mp4,3093,154.65,train,data/vehicle_dataset/images/train/camB_000112_0154.65.jpg
camB,data/cams/camB_20fps.mp4,3120,156.0,train,data/vehicle_dataset/images/train/camB_000113_0156.00.jpg
camB,data/cams/camB_20fps.mp4,3148,157.4,train,data/vehicle_dataset/images/train/camB_000114_0157.40.jpg
camB,data/cams/camB_20fps.mp4,3175,158.75,train,data/vehicle_dataset/images/train/camB_000115_0158.75.jpg
camB,data/cams/camB_20fps.mp4,3203,160.15,train,data/vehicle_dataset/images/train/camB_000116_0160.15.jpg
camB,data/cams/camB_20fps.mp4,3230,161.5,train,data/vehicle_dataset/images/train/camB_000117_0161.50.jpg
camB,data/cams/camB_20fps.mp4,3258,162.9,train,data/vehicle_dataset/images/train/camB_000118_0162.90.jpg
camB,data/cams/camB_20fps.mp4,3285,164.25,train,data/vehicle_dataset/images/train/camB_000119_0164.25.jpg
camB,data/cams/camB_20fps.mp4,3313,165.65,train,data/vehicle_dataset/images/train/camB_000120_0165.65.jpg
camB,data/cams/camB_20fps.mp4,3340,167.0,train,data/vehicle_dataset/images/train/camB_000121_0167.00.jpg
camB,data/cams/camB_20fps.mp4,3368,168.4,train,data/vehicle_dataset/images/train/camB_000122_0168.40.jpg
camB,data/cams/camB_20fps.mp4,3395,169.75,train,data/vehicle_dataset/images/train/camB_000123_0169.75.jpg
camB,data/cams/camB_20fps.mp4,3423,171.15,train,data/vehicle_dataset/images/train/camB_000124_0171.15.jpg
camB,data/cams/camB_20fps.mp4,3450,172.5,train,data/vehicle_dataset/images/train/camB_000125_0172.50.jpg
camB,data/cams/camB_20fps.mp4,3478,173.9,val,data/vehicle_dataset/images/val/camB_000126_0173.90.jpg
camB,data/cams/camB_20fps.mp4,3505,175.25,val,data/vehicle_dataset/images/val/camB_000127_0175.25.jpg
camB,data/cams/camB_20fps.mp4,3533,176.65,val,data/vehicle_dataset/images/val/camB_000128_0176.65.jpg
camB,data/cams/camB_20fps.mp4,3560,178.0,val,data/vehicle_dataset/images/val/camB_000129_0178.00.jpg
camB,data/cams/camB_20fps.mp4,3588,179.4,val,data/vehicle_dataset/images/val/camB_000130_0179.40.jpg
camB,data/cams/camB_20fps.mp4,3615,180.75,val,data/vehicle_dataset/images/val/camB_000131_0180.75.jpg
camB,data/cams/camB_20fps.mp4,3643,182.15,val,data/vehicle_dataset/images/val/camB_000132_0182.15.jpg
camB,data/cams/camB_20fps.mp4,3670,183.5,val,data/vehicle_dataset/images/val/camB_000133_0183.50.jpg
camB,data/cams/camB_20fps.mp4,3698,184.9,val,data/vehicle_dataset/images/val/camB_000134_0184.90.jpg
camB,data/cams/camB_20fps.mp4,3725,186.25,val,data/vehicle_dataset/images/val/camB_000135_0186.25.jpg
camB,data/cams/camB_20fps.mp4,3752,187.6,val,data/vehicle_dataset/images/val/camB_000136_0187.60.jpg
camB,data/cams/camB_20fps.mp4,3780,189.0,val,data/vehicle_dataset/images/val/camB_000137_0189.00.jpg
camB,data/cams/camB_20fps.mp4,3807,190.35,val,data/vehicle_dataset/images/val/camB_000138_0190.35.jpg
camB,data/cams/camB_20fps.mp4,3835,191.75,val,data/vehicle_dataset/images/val/camB_000139_0191.75.jpg
camB,data/cams/camB_20fps.mp4,3862,193.1,val,data/vehicle_dataset/images/val/camB_000140_0193.10.jpg
camB,data/cams/camB_20fps.mp4,3890,194.5,val,data/vehicle_dataset/images/val/camB_000141_0194.50.jpg
camB,data/cams/camB_20fps.mp4,3917,195.85,val,data/vehicle_dataset/images/val/camB_000142_0195.85.jpg
camB,data/cams/camB_20fps.mp4,3945,197.25,val,data/vehicle_dataset/images/val/camB_000143_0197.25.jpg
camB,data/cams/camB_20fps.mp4,3972,198.6,val,data/vehicle_dataset/images/val/camB_000144_0198.60.jpg
camB,data/cams/camB_20fps.mp4,4000,200.0,val,data/vehicle_dataset/images/val/camB_000145_0200.00.jpg
camB,data/cams/camB_20fps.mp4,4027,201.35,val,data/vehicle_dataset/images/val/camB_000146_0201.35.jpg
camB,data/cams/camB_20fps.mp4,4055,202.75,val,data/vehicle_dataset/images/val/camB_000147_0202.75.jpg
camB,data/cams/camB_20fps.mp4,4082,204.1,val,data/vehicle_dataset/images/val/camB_000148_0204.10.jpg
camB,data/cams/camB_20fps.mp4,4110,205.5,val,data/vehicle_dataset/images/val/camB_000149_0205.50.jpg
camB,data/cams/camB_20fps.mp4,4137,206.85,val,data/vehicle_dataset/images/val/camB_000150_0206.85.jpg
camB,data/cams/camB_20fps.mp4,4165,208.25,val,data/vehicle_dataset/images/val/camB_000151_0208.25.jpg
camB,data/cams/camB_20fps.mp4,4192,209.6,val,data/vehicle_dataset/images/val/camB_000152_0209.60.jpg
camB,data/cams/camB_20fps.mp4,4220,211.0,val,data/vehicle_dataset/images/val/camB_000153_0211.00.jpg
camB,data/cams/camB_20fps.mp4,4247,212.35,val,data/vehicle_dataset/images/val/camB_000154_0212.35.jpg
camB,data/cams/camB_20fps.mp4,4275,213.75,val,data/vehicle_dataset/images/val/camB_000155_0213.75.jpg
camB,data/cams/camB_20fps.mp4,4302,215.1,val,data/vehicle_dataset/images/val/camB_000156_0215.10.jpg
camB,data/cams/camB_20fps.mp4,4330,216.5,val,data/vehicle_dataset/images/val/camB_000157_0216.50.jpg
camB,data/cams/camB_20fps.mp4,4357,217.85,val,data/vehicle_dataset/images/val/camB_000158_0217.85.jpg
camB,data/cams/camB_20fps.mp4,4385,219.25,val,data/vehicle_dataset/images/val/camB_000159_0219.25.jpg
camB,data/cams/camB_20fps.mp4,4412,220.6,val,data/vehicle_dataset/images/val/camB_000160_0220.60.jpg
camB,data/cams/camB_20fps.mp4,4440,222.0,val,data/vehicle_dataset/images/val/camB_000161_0222.00.jpg
camB,data/cams/camB_20fps.mp4,4467,223.35,test,data/vehicle_dataset/images/test/camB_000162_0223.35.jpg
camB,data/cams/camB_20fps.mp4,4495,224.75,test,data/vehicle_dataset/images/test/camB_000163_0224.75.jpg
camB,data/cams/camB_20fps.mp4,4522,226.1,test,data/vehicle_dataset/images/test/camB_000164_0226.10.jpg
camB,data/cams/camB_20fps.mp4,4550,227.5,test,data/vehicle_dataset/images/test/camB_000165_0227.50.jpg
camB,data/cams/camB_20fps.mp4,4577,228.85,test,data/vehicle_dataset/images/test/camB_000166_0228.85.jpg
camB,data/cams/camB_20fps.mp4,4605,230.25,test,data/vehicle_dataset/images/test/camB_000167_0230.25.jpg
camB,data/cams/camB_20fps.mp4,4632,231.6,test,data/vehicle_dataset/images/test/camB_000168_0231.60.jpg
camB,data/cams/camB_20fps.mp4,4660,233.0,test,data/vehicle_dataset/images/test/camB_000169_0233.00.jpg
camB,data/cams/camB_20fps.mp4,4687,234.35,test,data/vehicle_dataset/images/test/camB_000170_0234.35.jpg
camB,data/cams/camB_20fps.mp4,4715,235.75,test,data/vehicle_dataset/images/test/camB_000171_0235.75.jpg
camB,data/cams/camB_20fps.mp4,4742,237.1,test,data/vehicle_dataset/images/test/camB_000172_0237.10.jpg
camB,data/cams/camB_20fps.mp4,4770,238.5,test,data/vehicle_dataset/images/test/camB_000173_0238.50.jpg
camB,data/cams/camB_20fps.mp4,4797,239.85,test,data/vehicle_dataset/images/test/camB_000174_0239.85.jpg
camB,data/cams/camB_20fps.mp4,4825,241.25,test,data/vehicle_dataset/images/test/camB_000175_0241.25.jpg
camB,data/cams/camB_20fps.mp4,4852,242.6,test,data/vehicle_dataset/images/test/camB_000176_0242.60.jpg
camB,data/cams/camB_20fps.mp4,4880,244.0,test,data/vehicle_dataset/images/test/camB_000177_0244.00.jpg
camB,data/cams/camB_20fps.mp4,4907,245.35,test,data/vehicle_dataset/images/test/camB_000178_0245.35.jpg
camB,data/cams/camB_20fps.mp4,4935,246.75,test,data/vehicle_dataset/images/test/camB_000179_0246.75.jpg
